ID,Texapon SB 3 KC,Plantapon ACG 50,Plantapon LC 7,Plantacare 818,Plantacare 2000,Dehyton MC,Dehyton PK 45,Dehyton ML,Dehyton AB 30,Plantapon Amino SCG-L,Plantapon Amino KG-L,Dehyquart A-CA,Luviquat Excellence,Dehyquart CC6,Dehyquart CC7 Benz,Salcare Super 7,Arlypon F,Arlypon TT,Stability_Test,Turbidity/NTU,Viscosity_10/cP,Newtonian
1,6.52,0.00,0.00,0.00,0.00,0.00,0.00,8.63,0.00,0.00,0.00,0.00,0.98,0.00,0.00,0.00,0.00,3.35,FALSE,NA,NA,NA
2,7.70,0.00,0.00,0.00,0.00,0.00,0.00,8.55,0.00,0.00,0.00,0.00,1.88,0.00,0.00,0.00,0.00,4.00,FALSE,NA,NA,NA
3,12.23,0.00,0.00,0.00,0.00,0.00,0.00,10.13,0.00,0.00,0.00,0.00,1.00,0.00,0.00,0.00,0.00,2.62,FALSE,NA,NA,NA
4,12.20,0.00,0.00,0.00,0.00,0.00,0.00,13.54,0.00,0.00,0.00,0.00,1.43,0.00,0.00,0.00,0.00,4.65,FALSE,NA,NA,NA
5,8.71,0.00,0.00,0.00,0.00,0.00,0.00,9.46,0.00,0.00,0.00,0.00,1.12,0.00,0.00,0.00,0.00,4.60,FALSE,NA,NA,NA
6,9.80,0.00,0.00,0.00,0.00,0.00,0.00,8.91,0.00,0.00,0.00,0.00,1.54,0.00,0.00,0.00,0.00,5.16,FALSE,NA,NA,NA
7,0.00,0.00,0.00,11.53,0.00,0.00,0.00,0.00,0.00,0.00,0.00,9.53,1.52,0.00,0.00,0.00,0.00,2.69,TRUE,491,293,FALSE
8,0.00,0.00,0.00,11.64,0.00,0.00,0.00,0.00,0.00,0.00,0.00,11.79,2.66,0.00,0.00,0.00,0.00,2.75,TRUE,299,168,FALSE
9,0.00,0.00,0.00,8.96,0.00,0.00,0.00,0.00,0.00,0.00,0.00,11.93,1.76,0.00,0.00,0.00,0.00,3.40,FALSE,NA,NA,NA
10,0.00,0.00,0.00,8.40,0.00,0.00,0.00,0.00,0.00,0.00,0.00,11.21,2.33,0.00,0.00,0.00,0.00,4.57,FALSE,NA,NA,NA
11,0.00,0.00,0.00,9.99,0.00,0.00,0.00,0.00,0.00,0.00,0.00,8.18,1.78,0.00,0.00,0.00,0.00,1.66,TRUE,25,516,FALSE
12,0.00,0.00,0.00,12.46,0.00,0.00,0.00,0.00,0.00,0.00,0.00,11.90,2.20,0.00,0.00,0.00,0.00,3.44,FALSE,NA,NA,NA
13,0.00,0.00,0.00,0.00,0.00,0.00,8.61,0.00,10.15,0.00,0.00,0.00,1.58,0.00,0.00,0.00,0.00,4.08,FALSE,NA,NA,NA
14,0.00,0.00,0.00,0.00,0.00,0.00,11.98,0.00,8.47,0.00,0.00,0.00,2.34,0.00,0.00,0.00,0.00,2.29,TRUE,33,1615,FALSE
15,0.00,0.00,0.00,0.00,0.00,0.00,11.10,0.00,10.88,0.00,0.00,0.00,2.49,0.00,0.00,0.00,0.00,2.61,TRUE,35,1776,FALSE
16,0.00,0.00,0.00,0.00,0.00,0.00,12.85,0.00,11.66,0.00,0.00,0.00,2.68,0.00,0.00,0.00,0.00,1.74,TRUE,16,21,TRUE
17,0.00,0.00,0.00,0.00,0.00,0.00,10.27,0.00,9.72,0.00,0.00,0.00,2.92,0.00,0.00,0.00,0.00,2.29,TRUE,48,1003,FALSE
18,0.00,0.00,0.00,0.00,0.00,0.00,12.46,0.00,8.71,0.00,0.00,0.00,1.56,0.00,0.00,0.00,0.00,3.12,TRUE,332,127,FALSE
19,0.00,0.00,0.00,0.00,0.00,0.00,0.00,0.00,0.00,8.66,8.15,0.00,0.78,0.00,0.00,0.00,0.00,2.84,FALSE,NA,NA,NA
20,0.00,0.00,0.00,0.00,0.00,0.00,0.00,0.00,0.00,11.29,10.20,0.00,0.99,0.00,0.00,0.00,0.00,2.80,FALSE,NA,NA,NA
21,0.00,0.00,0.00,0.00,0.00,0.00,0.00,0.00,0.00,10.85,8.31,0.00,1.47,0.00,0.00,0.00,0.00,2.60,FALSE,NA,NA,NA
22,0.00,0.00,0.00,0.00,0.00,0.00,0.00,0.00,0.00,12.15,10.39,0.00,0.97,0.00,0.00,0.00,0.00,4.33,FALSE,NA,NA,NA
23,0.00,0.00,0.00,0.00,0.00,0.00,0.00,0.00,0.00,10.15,8.05,0.00,2.42,0.00,0.00,0.00,0.00,3.35,FALSE,NA,NA,NA
24,0.00,0.00,0.00,0.00,0.00,0.00,0.00,0.00,0.00,10.72,11.78,0.00,2.12,0.00,0.00,0.00,0.00,4.04,FALSE,NA,NA,NA
25,0.00,11.96,0.00,0.00,0.00,12.31,0.00,0.00,0.00,0.00,0.00,0.00,1.79,0.00,0.00,0.00,0.00,2.35,TRUE,32,6,TRUE
26,0.00,13.43,0.00,0.00,0.00,9.65,0.00,0.00,0.00,0.00,0.00,0.00,2.15,0.00,0.00,0.00,0.00,4.35,TRUE,1404,431,FALSE
27,0.00,8.88,0.00,0.00,0.00,13.07,0.00,0.00,0.00,0.00,0.00,0.00,1.31,0.00,0.00,0.00,0.00,2.19,TRUE,36,10,FALSE
28,0.00,11.68,0.00,0.00,0.00,9.86,0.00,0.00,0.00,0.00,0.00,0.00,1.49,0.00,0.00,0.00,0.00,1.66,TRUE,20,3,FALSE
29,0.00,10.14,0.00,0.00,0.00,13.26,0.00,0.00,0.00,0.00,0.00,0.00,2.41,0.00,0.00,0.00,0.00,3.18,TRUE,479,187,TRUE
30,0.00,8.54,0.00,0.00,0.00,12.61,0.00,0.00,0.00,0.00,0.00,0.00,2.78,0.00,0.00,0.00,0.00,4.36,FALSE,NA,NA,NA
31,0.00,0.00,7.99,0.00,12.56,0.00,0.00,0.00,0.00,0.00,0.00,0.00,1.82,0.00,0.00,0.00,0.00,1.95,FALSE,NA,NA,NA
32,0.00,0.00,12.68,0.00,9.81,0.00,0.00,0.00,0.00,0.00,0.00,0.00,2.54,0.00,0.00,0.00,0.00,4.01,FALSE,NA,NA,NA
33,0.00,0.00,12.14,0.00,12.58,0.00,0.00,0.00,0.00,0.00,0.00,0.00,1.21,0.00,0.00,0.00,0.00,4.82,TRUE,1065,1287,FALSE
34,0.00,0.00,9.01,0.00,8.88,0.00,0.00,0.00,0.00,0.00,0.00,0.00,2.29,0.00,0.00,0.00,0.00,2.19,FALSE,NA,NA,NA
35,0.00,0.00,13.11,0.00,9.28,0.00,0.00,0.00,0.00,0.00,0.00,0.00,2.93,0.00,0.00,0.00,0.00,3.59,FALSE,NA,NA,NA
36,0.00,0.00,9.16,0.00,9.22,0.00,0.00,0.00,0.00,0.00,0.00,0.00,2.68,0.00,0.00,0.00,0.00,5.08,FALSE,NA,NA,NA
37,6.69,10.41,0.00,0.00,0.00,0.00,0.00,0.00,0.00,0.00,0.00,0.00,1.12,0.00,0.00,0.00,0.00,2.67,FALSE,NA,NA,NA
38,12.24,0.00,9.42,0.00,0.00,0.00,0.00,0.00,0.00,0.00,0.00,0.00,0.30,0.00,0.00,0.00,0.00,1.97,FALSE,NA,NA,NA
39,12.12,0.00,0.00,11.35,0.00,0.00,0.00,0.00,0.00,0.00,0.00,0.00,1.78,0.00,0.00,0.00,0.00,3.44,FALSE,NA,NA,NA
40,7.70,0.00,0.00,0.00,10.74,0.00,0.00,0.00,0.00,0.00,0.00,0.00,2.42,0.00,0.00,0.00,0.00,4.77,FALSE,NA,NA,NA
41,7.58,0.00,0.00,0.00,0.00,8.57,0.00,0.00,0.00,0.00,0.00,0.00,1.72,0.00,0.00,0.00,0.00,2.16,FALSE,NA,NA,NA
42,12.19,0.00,0.00,0.00,0.00,0.00,12.32,0.00,0.00,0.00,0.00,0.00,0.95,0.00,0.00,0.00,0.00,2.59,FALSE,NA,NA,NA
43,0.00,0.00,0.00,0.00,0.00,0.00,0.00,0.00,12.44,8.12,0.00,0.00,0.98,0.00,0.00,0.00,0.00,2.25,FALSE,NA,NA,NA
44,9.24,0.00,0.00,0.00,0.00,0.00,0.00,0.00,11.17,0.00,0.00,0.00,1.68,0.00,0.00,0.00,0.00,2.84,FALSE,NA,NA,NA
45,8.12,0.00,0.00,0.00,0.00,0.00,0.00,0.00,0.00,9.81,0.00,0.00,2.11,0.00,0.00,0.00,0.00,4.19,FALSE,NA,NA,NA
46,10.95,0.00,0.00,0.00,0.00,0.00,0.00,0.00,0.00,0.00,10.36,0.00,1.75,0.00,0.00,0.00,0.00,5.17,FALSE,NA,NA,NA
47,7.39,0.00,0.00,0.00,0.00,0.00,0.00,0.00,0.00,0.00,0.00,10.19,2.53,0.00,0.00,0.00,0.00,4.71,FALSE,NA,NA,NA
48,0.00,10.90,9.89,0.00,0.00,0.00,0.00,0.00,0.00,0.00,0.00,0.00,2.56,0.00,0.00,0.00,0.00,3.32,FALSE,NA,NA,NA
49,0.00,8.25,0.00,8.05,0.00,0.00,0.00,0.00,0.00,0.00,0.00,0.00,1.06,0.00,0.00,0.00,0.00,3.19,FALSE,NA,NA,NA
50,0.00,8.55,0.00,0.00,11.09,0.00,0.00,0.00,0.00,0.00,0.00,0.00,2.21,0.00,0.00,0.00,0.00,4.82,FALSE,NA,NA,NA
51,0.00,0.00,0.00,0.00,0.00,0.00,0.00,0.00,0.00,10.58,0.00,10.27,2.73,0.00,0.00,0.00,0.00,4.03,FALSE,NA,NA,NA
52,0.00,8.33,0.00,0.00,0.00,0.00,12.09,0.00,0.00,0.00,0.00,0.00,1.33,0.00,0.00,0.00,0.00,2.32,TRUE,37,7,TRUE
53,0.00,10.27,0.00,0.00,0.00,0.00,0.00,6.75,0.00,0.00,0.00,0.00,2.03,0.00,0.00,0.00,0.00,2.85,FALSE,NA,NA,NA
54,0.00,8.36,0.00,0.00,0.00,0.00,0.00,0.00,12.32,0.00,0.00,0.00,2.69,0.00,0.00,0.00,0.00,4.27,FALSE,NA,NA,NA
55,0.00,12.75,0.00,0.00,0.00,0.00,0.00,0.00,0.00,11.02,0.00,0.00,2.58,0.00,0.00,0.00,0.00,3.38,FALSE,NA,NA,NA
56,0.00,12.20,0.00,0.00,0.00,0.00,0.00,0.00,0.00,0.00,9.12,0.00,2.57,0.00,0.00,0.00,0.00,3.05,FALSE,NA,NA,NA
57,0.00,8.82,0.00,0.00,0.00,0.00,0.00,0.00,0.00,0.00,0.00,9.60,2.02,0.00,0.00,0.00,0.00,2.30,FALSE,NA,NA,NA
58,0.00,0.00,11.52,7.50,0.00,0.00,0.00,0.00,0.00,0.00,0.00,0.00,2.81,0.00,0.00,0.00,0.00,4.36,FALSE,NA,NA,NA
59,0.00,0.00,0.00,0.00,0.00,0.00,0.00,0.00,0.00,0.00,9.57,10.58,1.71,0.00,0.00,0.00,0.00,3.03,FALSE,NA,NA,NA
60,0.00,0.00,9.00,0.00,0.00,8.25,0.00,0.00,0.00,0.00,0.00,0.00,2.32,0.00,0.00,0.00,0.00,3.74,FALSE,NA,NA,NA
61,0.00,0.00,12.10,0.00,0.00,0.00,7.86,0.00,0.00,0.00,0.00,0.00,1.53,0.00,0.00,0.00,0.00,1.57,FALSE,NA,NA,NA
62,0.00,0.00,12.12,0.00,0.00,0.00,0.00,8.03,0.00,0.00,0.00,0.00,2.31,0.00,0.00,0.00,0.00,1.45,FALSE,NA,NA,NA
63,0.00,0.00,11.88,0.00,0.00,0.00,0.00,0.00,12.00,0.00,0.00,0.00,1.91,0.00,0.00,0.00,0.00,2.91,TRUE,153,20,TRUE
64,0.00,0.00,8.00,0.00,0.00,0.00,0.00,0.00,0.00,9.22,0.00,0.00,1.36,0.00,0.00,0.00,0.00,4.85,FALSE,NA,NA,NA
65,0.00,0.00,13.05,0.00,0.00,0.00,0.00,0.00,0.00,0.00,11.51,0.00,1.93,0.00,0.00,0.00,0.00,3.46,FALSE,NA,NA,NA
66,0.00,0.00,12.38,0.00,0.00,0.00,0.00,0.00,0.00,0.00,0.00,10.58,2.46,0.00,0.00,0.00,0.00,2.31,FALSE,NA,NA,NA
67,0.00,0.00,0.00,9.36,12.58,0.00,0.00,0.00,0.00,0.00,0.00,0.00,1.52,0.00,0.00,0.00,0.00,2.74,TRUE,19,97,TRUE
68,0.00,0.00,0.00,12.84,0.00,11.60,0.00,0.00,0.00,0.00,0.00,0.00,0.98,0.00,0.00,0.00,0.00,3.17,FALSE,NA,NA,NA
69,0.00,0.00,0.00,9.23,0.00,0.00,8.61,0.00,0.00,0.00,0.00,0.00,2.10,0.00,0.00,0.00,0.00,1.40,FALSE,NA,NA,NA
70,0.00,0.00,0.00,10.14,0.00,0.00,0.00,10.88,0.00,0.00,0.00,0.00,1.67,0.00,0.00,0.00,0.00,3.71,FALSE,NA,NA,NA
71,0.00,0.00,0.00,10.66,0.00,0.00,0.00,0.00,8.01,0.00,0.00,0.00,1.63,0.00,0.00,0.00,0.00,4.69,FALSE,NA,NA,NA
72,0.00,0.00,0.00,10.63,0.00,0.00,0.00,0.00,0.00,9.67,0.00,0.00,1.84,0.00,0.00,0.00,0.00,2.65,FALSE,NA,NA,NA
73,0.00,0.00,0.00,11.20,0.00,0.00,0.00,0.00,0.00,0.00,10.05,0.00,2.17,0.00,0.00,0.00,0.00,4.47,FALSE,NA,NA,NA
74,0.00,0.00,0.00,0.00,0.00,0.00,0.00,0.00,8.10,0.00,11.98,0.00,1.45,0.00,0.00,0.00,0.00,4.83,FALSE,NA,NA,NA
75,0.00,0.00,0.00,0.00,8.64,9.05,0.00,0.00,0.00,0.00,0.00,0.00,3.03,0.00,0.00,0.00,0.00,2.35,FALSE,NA,NA,NA
76,0.00,0.00,0.00,0.00,13.91,0.00,8.12,0.00,0.00,0.00,0.00,0.00,2.40,0.00,0.00,0.00,0.00,2.63,FALSE,NA,NA,NA
77,0.00,0.00,0.00,0.00,9.44,0.00,0.00,9.90,0.00,0.00,0.00,0.00,2.98,0.00,0.00,0.00,0.00,3.46,FALSE,NA,NA,NA
78,0.00,0.00,0.00,0.00,10.18,0.00,0.00,0.00,9.29,0.00,0.00,0.00,1.31,0.00,0.00,0.00,0.00,1.93,FALSE,NA,NA,NA
79,0.00,0.00,0.00,0.00,8.95,0.00,0.00,0.00,0.00,9.87,0.00,0.00,2.46,0.00,0.00,0.00,0.00,3.05,FALSE,NA,NA,NA
80,0.00,0.00,0.00,0.00,8.45,0.00,0.00,0.00,0.00,0.00,8.76,0.00,1.70,0.00,0.00,0.00,0.00,3.06,FALSE,NA,NA,NA
81,0.00,0.00,0.00,0.00,11.60,0.00,0.00,0.00,0.00,0.00,0.00,11.02,2.15,0.00,0.00,0.00,0.00,1.63,FALSE,NA,NA,NA
82,0.00,0.00,0.00,0.00,0.00,11.27,9.11,0.00,0.00,0.00,0.00,0.00,2.12,0.00,0.00,0.00,0.00,3.43,FALSE,NA,NA,NA
83,0.00,0.00,0.00,0.00,0.00,9.13,0.00,9.80,0.00,0.00,0.00,0.00,3.08,0.00,0.00,0.00,0.00,2.59,FALSE,NA,NA,NA
84,0.00,0.00,0.00,0.00,0.00,9.48,0.00,0.00,8.56,0.00,0.00,0.00,1.47,0.00,0.00,0.00,0.00,4.37,FALSE,NA,NA,NA
85,0.00,0.00,0.00,0.00,0.00,11.40,0.00,0.00,0.00,11.66,0.00,0.00,1.80,0.00,0.00,0.00,0.00,3.89,FALSE,NA,NA,NA
86,0.00,0.00,0.00,0.00,0.00,9.00,0.00,0.00,0.00,0.00,12.37,0.00,1.19,0.00,0.00,0.00,0.00,2.27,FALSE,NA,NA,NA
87,0.00,0.00,0.00,0.00,0.00,11.49,0.00,0.00,0.00,0.00,0.00,9.68,1.08,0.00,0.00,0.00,0.00,3.23,FALSE,NA,NA,NA
88,0.00,0.00,0.00,0.00,0.00,0.00,11.86,6.30,0.00,0.00,0.00,0.00,2.82,0.00,0.00,0.00,0.00,4.34,FALSE,NA,NA,NA
89,0.00,0.00,0.00,0.00,0.00,0.00,0.00,0.00,11.56,0.00,0.00,8.63,2.04,0.00,0.00,0.00,0.00,4.28,FALSE,NA,NA,NA
90,0.00,0.00,0.00,0.00,0.00,0.00,12.41,0.00,0.00,13.07,0.00,0.00,2.49,0.00,0.00,0.00,0.00,2.57,FALSE,NA,NA,NA
91,0.00,0.00,0.00,0.00,0.00,0.00,12.80,0.00,0.00,0.00,12.62,0.00,1.93,0.00,0.00,0.00,0.00,3.74,FALSE,NA,NA,NA
92,0.00,0.00,0.00,0.00,0.00,0.00,11.23,0.00,0.00,0.00,0.00,10.15,1.06,0.00,0.00,0.00,0.00,3.94,FALSE,NA,NA,NA
93,0.00,0.00,0.00,0.00,0.00,0.00,0.00,7.46,13.11,0.00,0.00,0.00,1.65,0.00,0.00,0.00,0.00,4.67,FALSE,NA,NA,NA
94,0.00,0.00,0.00,0.00,0.00,0.00,0.00,9.00,0.00,11.63,0.00,0.00,1.15,0.00,0.00,0.00,0.00,4.11,FALSE,NA,NA,NA
95,0.00,0.00,0.00,0.00,0.00,0.00,0.00,10.06,0.00,0.00,12.17,0.00,2.66,0.00,0.00,0.00,0.00,1.73,FALSE,NA,NA,NA
96,0.00,0.00,0.00,0.00,0.00,0.00,0.00,10.10,0.00,0.00,0.00,8.64,2.77,0.00,0.00,0.00,0.00,2.22,FALSE,NA,NA,NA
97,8.47,0.00,0.00,0.00,0.00,0.00,0.00,0.00,13.52,0.00,0.00,0.00,2.72,0.00,0.00,0.00,0.00,0.92,FALSE,NA,NA,NA
98,0.00,0.00,0.00,0.00,0.00,0.00,0.00,0.00,0.00,12.88,0.00,8.72,1.35,0.00,0.00,0.00,0.00,1.14,FALSE,NA,NA,NA
99,0.00,0.00,0.00,0.00,0.00,0.00,7.75,0.00,0.00,0.00,0.00,8.49,2.75,0.00,0.00,0.00,0.00,1.21,FALSE,NA,NA,NA
100,0.00,0.00,0.00,0.00,0.00,0.00,10.09,0.00,0.00,0.00,11.30,0.00,1.42,0.00,0.00,0.00,0.00,1.36,FALSE,NA,NA,NA
101,0.00,0.00,0.00,0.00,0.00,9.87,0.00,0.00,13.09,0.00,0.00,0.00,1.15,0.00,0.00,0.00,0.00,1.23,TRUE,21,48,FALSE
102,0.00,0.00,0.00,8.37,9.11,0.00,0.00,0.00,0.00,0.00,0.00,0.00,2.35,0.00,0.00,0.00,0.00,1.44,TRUE,18,7,TRUE
103,0.00,0.00,0.00,0.00,0.00,0.00,0.00,0.00,8.15,0.00,0.00,10.31,2.50,0.00,0.00,0.00,0.00,1.52,TRUE,22,5,FALSE
104,0.00,0.00,0.00,0.00,0.00,0.00,0.00,0.00,10.68,12.83,0.00,0.00,2.54,0.00,0.00,0.00,0.00,4.72,FALSE,NA,NA,NA
105,5.45,11.75,0.00,0.00,0.00,0.00,0.00,0.00,0.00,0.00,0.00,0.00,2.55,0.00,0.00,0.00,0.00,1.88,FALSE,NA,NA,NA
106,0.00,13.49,0.00,0.00,0.00,0.00,0.00,10.44,0.00,0.00,0.00,0.00,2.92,0.00,0.00,0.00,0.00,4.88,FALSE,NA,NA,NA
107,0.00,13.08,0.00,0.00,0.00,0.00,0.00,0.00,0.00,0.00,11.85,0.00,1.78,0.00,0.00,0.00,0.00,1.98,FALSE,NA,NA,NA
108,0.00,0.00,0.00,0.00,0.00,12.34,0.00,0.00,0.00,8.93,0.00,0.00,3.07,0.00,0.00,0.00,0.00,2.14,FALSE,NA,NA,NA
109,0.00,11.91,0.00,0.00,0.00,0.00,0.00,9.94,0.00,0.00,0.00,0.00,1.10,0.00,0.00,0.00,0.00,0.94,TRUE,30,2,FALSE
110,0.00,0.00,7.66,0.00,0.00,0.00,0.00,0.00,0.00,0.00,0.00,13.12,0.99,0.00,0.00,0.00,0.00,1.43,FALSE,NA,NA,NA
111,0.00,0.00,0.00,8.53,7.62,0.00,0.00,0.00,0.00,0.00,0.00,0.00,0.98,0.00,0.00,0.00,0.00,1.33,TRUE,18,7,FALSE
112,0.00,0.00,0.00,0.00,0.00,0.00,0.00,0.00,0.00,7.80,0.00,11.84,1.97,0.00,0.00,0.00,0.00,1.23,FALSE,NA,NA,NA
113,0.00,0.00,0.00,0.00,0.00,12.39,8.04,0.00,0.00,0.00,0.00,0.00,3.02,0.00,0.00,0.00,0.00,1.31,TRUE,32,178,FALSE
114,0.00,0.00,0.00,0.00,0.00,12.17,0.00,0.00,11.06,0.00,0.00,0.00,2.86,0.00,0.00,0.00,0.00,4.62,FALSE,NA,NA,NA
115,0.00,0.00,0.00,0.00,0.00,7.92,0.00,0.00,0.00,12.63,0.00,0.00,2.17,0.00,0.00,0.00,0.00,1.35,FALSE,NA,NA,NA
116,0.00,0.00,0.00,0.00,0.00,0.00,0.00,0.00,9.13,0.00,0.00,11.78,2.81,0.00,0.00,0.00,0.00,2.11,TRUE,35,49,TRUE
117,0.00,0.00,0.00,0.00,11.91,13.74,0.00,0.00,0.00,0.00,0.00,0.00,1.13,0.00,0.00,0.00,0.00,4.32,FALSE,NA,NA,NA
118,0.00,0.00,0.00,0.00,0.00,0.00,0.00,11.81,9.82,0.00,0.00,0.00,1.24,0.00,0.00,0.00,0.00,1.70,FALSE,NA,NA,NA
119,0.00,0.00,0.00,0.00,0.00,11.58,0.00,8.63,0.00,0.00,0.00,0.00,1.87,0.00,0.00,0.00,0.00,1.47,FALSE,NA,NA,NA
120,0.00,0.00,0.00,0.00,13.32,0.00,0.00,0.00,0.00,0.00,0.00,8.28,2.67,0.00,0.00,0.00,0.00,4.34,FALSE,NA,NA,NA
121,0.00,0.00,0.00,0.00,0.00,0.00,0.00,0.00,11.11,0.00,12.97,0.00,2.56,0.00,0.00,0.00,0.00,1.49,FALSE,NA,NA,NA
122,0.00,0.00,0.00,0.00,0.00,0.00,10.83,11.02,0.00,0.00,0.00,0.00,2.96,0.00,0.00,0.00,0.00,3.39,FALSE,NA,NA,NA
123,0.00,0.00,0.00,0.00,0.00,0.00,12.53,12.00,0.00,0.00,0.00,0.00,1.61,0.00,0.00,0.00,0.00,2.00,FALSE,NA,NA,NA
124,0.00,0.00,0.00,12.02,0.00,0.00,0.00,0.00,13.18,0.00,0.00,0.00,1.13,0.00,0.00,0.00,0.00,2.79,FALSE,NA,NA,NA
125,0.00,0.00,0.00,0.00,0.00,0.00,0.00,0.00,10.40,0.00,0.00,10.55,1.17,0.00,0.00,0.00,0.00,5.24,FALSE,NA,NA,NA
126,0.00,0.00,0.00,0.00,0.00,0.00,13.08,0.00,0.00,0.00,0.00,8.95,2.16,0.00,0.00,0.00,0.00,5.52,FALSE,NA,NA,NA
127,0.00,0.00,0.00,0.00,0.00,0.00,9.69,0.00,12.51,0.00,0.00,0.00,0.79,0.00,0.00,0.00,0.00,3.45,FALSE,NA,NA,NA
128,0.00,12.90,0.00,0.00,0.00,0.00,0.00,10.49,0.00,0.00,0.00,0.00,1.54,0.00,0.00,0.00,0.00,4.90,FALSE,NA,NA,NA
129,0.00,0.00,0.00,0.00,0.00,7.59,0.00,0.00,0.00,0.00,0.00,10.81,2.79,0.00,0.00,0.00,0.00,2.07,FALSE,NA,NA,NA
130,0.00,0.00,0.00,0.00,0.00,0.00,0.00,0.00,0.00,0.00,12.14,12.55,2.32,0.00,0.00,0.00,0.00,1.85,FALSE,NA,NA,NA
131,0.00,0.00,0.00,0.00,0.00,0.00,11.28,0.00,0.00,0.00,0.00,13.02,1.55,0.00,0.00,0.00,0.00,2.16,TRUE,252,130,FALSE
132,0.00,0.00,0.00,0.00,0.00,0.00,0.00,12.87,0.00,0.00,0.00,12.92,2.90,0.00,0.00,0.00,0.00,4.32,FALSE,NA,NA,NA
133,0.00,0.00,0.00,0.00,0.00,9.28,11.56,0.00,0.00,0.00,0.00,0.00,2.04,0.00,0.00,0.00,0.00,2.26,FALSE,NA,NA,NA
134,0.00,0.00,0.00,0.00,0.00,0.00,0.00,0.00,0.00,7.91,0.00,12.90,2.77,0.00,0.00,0.00,0.00,3.08,FALSE,NA,NA,NA
135,0.00,0.00,0.00,0.00,0.00,0.00,0.00,10.95,0.00,0.00,9.89,0.00,1.76,0.00,0.00,0.00,0.00,1.79,FALSE,NA,NA,NA
136,0.00,0.00,0.00,0.00,0.00,0.00,0.00,11.23,0.00,0.00,0.00,12.27,1.45,0.00,0.00,0.00,0.00,2.45,FALSE,NA,NA,NA
137,0.00,0.00,0.00,0.00,11.32,0.00,12.14,0.00,0.00,0.00,0.00,0.00,2.05,0.00,0.00,0.00,0.00,1.90,TRUE,430,1212,FALSE
138,6.68,0.00,0.00,0.00,0.00,12.45,0.00,0.00,0.00,0.00,0.00,0.00,1.13,0.00,0.00,0.00,0.00,1.88,FALSE,NA,NA,NA
139,0.00,0.00,0.00,0.00,0.00,0.00,0.00,0.00,12.51,0.00,9.10,0.00,1.74,0.00,0.00,0.00,0.00,2.43,FALSE,NA,NA,NA
140,0.00,0.00,0.00,11.04,0.00,10.52,0.00,0.00,0.00,0.00,0.00,0.00,2.96,0.00,0.00,0.00,0.00,2.18,FALSE,NA,NA,NA
141,0.00,0.00,0.00,0.00,0.00,0.00,9.20,0.00,0.00,0.00,0.00,11.89,2.36,0.00,0.00,0.00,0.00,3.78,FALSE,NA,NA,NA
142,0.00,0.00,0.00,10.13,8.85,0.00,0.00,0.00,0.00,0.00,0.00,0.00,2.07,0.00,0.00,0.00,0.00,1.83,TRUE,20,13,TRUE
143,0.00,10.84,0.00,0.00,0.00,0.00,0.00,11.41,0.00,0.00,0.00,0.00,1.20,0.00,0.00,0.00,0.00,3.28,FALSE,NA,NA,NA
144,0.00,0.00,0.00,0.00,0.00,10.40,0.00,13.16,0.00,0.00,0.00,0.00,2.22,0.00,0.00,0.00,0.00,2.51,FALSE,NA,NA,NA
145,0.00,0.00,0.00,0.00,11.25,0.00,0.00,0.00,12.96,0.00,0.00,0.00,2.72,0.00,0.00,0.00,0.00,1.00,TRUE,41,25,TRUE
146,0.00,0.00,0.00,0.00,13.80,0.00,0.00,0.00,0.00,0.00,10.95,0.00,1.06,0.00,0.00,0.00,0.00,1.50,FALSE,NA,NA,NA
147,0.00,0.00,0.00,6.58,12.27,0.00,0.00,0.00,0.00,0.00,0.00,0.00,2.88,0.00,0.00,0.00,0.00,3.68,TRUE,27,237,FALSE
148,0.00,0.00,0.00,0.00,0.00,0.00,0.00,11.52,0.00,10.98,0.00,0.00,2.26,0.00,0.00,0.00,0.00,1.67,FALSE,NA,NA,NA
149,0.00,0.00,0.00,0.00,0.00,0.00,10.10,0.00,0.00,12.93,0.00,0.00,1.02,0.00,0.00,0.00,0.00,2.22,FALSE,NA,NA,NA
150,0.00,0.00,0.00,12.49,0.00,0.00,0.00,0.00,9.58,0.00,0.00,0.00,2.52,0.00,0.00,0.00,0.00,1.66,TRUE,48,227,FALSE
151,0.00,10.96,0.00,0.00,0.00,0.00,12.72,0.00,0.00,0.00,0.00,0.00,1.56,0.00,0.00,0.00,0.00,1.10,TRUE,26,3,TRUE
152,0.00,0.00,0.00,10.89,0.00,0.00,0.00,0.00,0.00,0.00,12.36,0.00,1.60,0.00,0.00,0.00,0.00,1.43,FALSE,NA,NA,NA
153,0.00,0.00,0.00,13.20,6.73,0.00,0.00,0.00,0.00,0.00,0.00,0.00,1.34,0.00,0.00,0.00,0.00,3.75,TRUE,52,212,FALSE
154,0.00,0.00,0.00,0.00,13.36,0.00,10.50,0.00,0.00,0.00,0.00,0.00,2.70,0.00,0.00,0.00,0.00,1.62,TRUE,40,748,FALSE
155,0.00,0.00,0.00,0.00,0.00,0.00,9.29,0.00,10.50,0.00,0.00,0.00,1.39,0.00,0.00,0.00,0.00,1.28,TRUE,15,4,FALSE
156,0.00,0.00,0.00,0.00,0.00,12.67,0.00,0.00,0.00,9.83,0.00,0.00,2.31,0.00,0.00,0.00,0.00,2.97,FALSE,NA,NA,NA
157,0.00,0.00,0.00,8.29,10.50,0.00,0.00,0.00,0.00,0.00,0.00,0.00,0.89,0.00,0.00,0.00,0.00,4.26,TRUE,142,262,FALSE
158,0.00,0.00,0.00,13.80,0.00,0.00,7.74,0.00,0.00,0.00,0.00,0.00,2.71,0.00,0.00,0.00,0.00,2.45,FALSE,NA,NA,NA
159,0.00,0.00,0.00,0.00,0.00,0.00,0.00,0.00,10.40,0.00,0.00,8.87,2.63,0.00,0.00,0.00,0.00,1.40,TRUE,15,4,FALSE
160,0.00,0.00,0.00,13.19,13.32,0.00,0.00,0.00,0.00,0.00,0.00,0.00,2.18,0.00,0.00,0.00,0.00,4.63,TRUE,20,242,TRUE
161,0.00,8.48,0.00,12.68,0.00,0.00,0.00,0.00,0.00,0.00,0.00,0.00,1.46,0.00,0.00,0.00,0.00,1.62,FALSE,NA,NA,NA
162,0.00,0.00,0.00,0.00,0.00,0.00,12.25,0.00,0.00,0.00,0.00,10.53,1.96,0.00,0.00,0.00,0.00,3.33,FALSE,NA,NA,NA
163,0.00,0.00,0.00,0.00,0.00,10.00,0.00,0.00,0.00,12.13,0.00,0.00,2.58,0.00,0.00,0.00,0.00,1.43,FALSE,NA,NA,NA
164,0.00,0.00,0.00,0.00,0.00,0.00,0.00,0.00,12.33,0.00,0.00,12.73,1.40,0.00,0.00,0.00,0.00,1.65,TRUE,14,4,FALSE
165,0.00,12.42,0.00,0.00,0.00,0.00,0.00,0.00,0.00,9.05,0.00,0.00,1.16,0.00,0.00,0.00,0.00,2.11,FALSE,NA,NA,NA
166,0.00,0.00,0.00,10.83,7.20,0.00,0.00,0.00,0.00,0.00,0.00,0.00,2.78,0.00,0.00,0.00,0.00,3.28,TRUE,31,233,FALSE
167,0.00,0.00,0.00,0.00,0.00,0.00,8.25,0.00,0.00,0.00,0.00,11.68,1.03,0.00,0.00,0.00,0.00,2.04,TRUE,118,101,FALSE
168,0.00,0.00,0.00,0.00,0.00,0.00,13.09,0.00,0.00,9.88,0.00,0.00,2.23,0.00,0.00,0.00,0.00,1.59,FALSE,NA,NA,NA
169,0.00,10.27,0.00,0.00,0.00,0.00,0.00,11.38,0.00,0.00,0.00,0.00,2.07,0.00,0.00,0.00,0.00,1.19,TRUE,275,2,TRUE
170,0.00,0.00,0.00,0.00,0.00,0.00,0.00,8.92,12.68,0.00,0.00,0.00,1.90,0.00,0.00,0.00,0.00,1.80,TRUE,50,254,FALSE
171,0.00,0.00,0.00,0.00,0.00,0.00,0.00,0.00,12.89,0.00,0.00,9.80,2.08,0.00,0.00,0.00,0.00,2.47,TRUE,40,172,FALSE
172,0.00,9.79,0.00,0.00,0.00,0.00,0.00,0.00,12.17,0.00,0.00,0.00,1.16,0.00,0.00,0.00,0.00,2.20,FALSE,NA,NA,NA
173,0.00,0.00,0.00,10.41,0.00,0.00,9.87,0.00,0.00,0.00,0.00,0.00,2.82,0.00,0.00,0.00,0.00,1.74,FALSE,NA,NA,NA
174,0.00,12.50,0.00,0.00,10.99,0.00,0.00,0.00,0.00,0.00,0.00,0.00,1.28,0.00,0.00,0.00,0.00,1.48,FALSE,NA,NA,NA
175,0.00,0.00,0.00,11.56,0.00,0.00,0.00,0.00,0.00,0.00,8.47,0.00,2.28,0.00,0.00,0.00,0.00,1.65,FALSE,NA,NA,NA
176,0.00,0.00,0.00,12.92,10.90,0.00,0.00,0.00,0.00,0.00,0.00,0.00,1.37,0.00,0.00,0.00,0.00,2.62,TRUE,19,88,TRUE
177,0.00,0.00,0.00,0.00,0.00,0.00,0.00,0.00,11.40,12.64,0.00,0.00,1.39,0.00,0.00,0.00,0.00,3.26,FALSE,NA,NA,NA
178,0.00,0.00,0.00,0.00,0.00,0.00,9.92,0.00,0.00,0.00,0.00,10.95,2.91,0.00,0.00,0.00,0.00,2.22,FALSE,NA,NA,NA
179,0.00,0.00,0.00,0.00,0.00,0.00,9.52,0.00,13.08,0.00,0.00,0.00,2.79,0.00,0.00,0.00,0.00,1.65,TRUE,18,10,TRUE
180,0.00,0.00,0.00,0.00,0.00,0.00,0.00,0.00,11.28,0.00,0.00,8.45,1.15,0.00,0.00,0.00,0.00,1.56,TRUE,21,4,TRUE
181,0.00,0.00,6.84,12.49,0.00,0.00,0.00,0.00,0.00,0.00,0.00,0.00,2.75,0.00,0.00,0.00,0.00,1.27,FALSE,NA,NA,NA
182,0.00,0.00,0.00,0.00,0.00,0.00,0.00,11.29,0.00,13.20,0.00,0.00,1.34,0.00,0.00,0.00,0.00,2.40,FALSE,NA,NA,NA
183,0.00,0.00,0.00,13.08,0.00,0.00,11.41,0.00,0.00,0.00,0.00,0.00,2.86,0.00,0.00,0.00,0.00,1.46,TRUE,169,2100,FALSE
184,0.00,0.00,0.00,8.95,0.00,0.00,0.00,0.00,12.61,0.00,0.00,0.00,2.24,0.00,0.00,0.00,0.00,3.07,FALSE,NA,NA,NA
185,0.00,0.00,0.00,9.36,7.53,0.00,0.00,0.00,0.00,0.00,0.00,0.00,3.01,0.00,0.00,0.00,0.00,4.90,FALSE,NA,NA,NA
186,0.00,0.00,0.00,9.37,0.00,0.00,0.00,0.00,12.24,0.00,0.00,0.00,2.82,0.00,0.00,0.00,0.00,1.59,TRUE,236,148,TRUE
187,0.00,0.00,11.00,10.99,0.00,0.00,0.00,0.00,0.00,0.00,0.00,0.00,0.83,0.00,0.00,0.00,0.00,1.08,FALSE,NA,NA,NA
188,0.00,0.00,0.00,0.00,0.00,0.00,10.15,0.00,8.02,0.00,0.00,0.00,1.18,0.00,0.00,0.00,0.00,1.10,TRUE,18,3,FALSE
189,0.00,0.00,0.00,12.42,8.93,0.00,0.00,0.00,0.00,0.00,0.00,0.00,2.51,0.00,0.00,0.00,0.00,1.28,TRUE,20,10,TRUE
190,0.00,0.00,0.00,0.00,0.00,0.00,0.00,0.00,9.03,0.00,0.00,9.54,1.09,0.00,0.00,0.00,0.00,1.20,TRUE,14,3,TRUE
191,0.00,0.00,12.46,0.00,0.00,0.00,0.00,0.00,12.59,0.00,0.00,0.00,2.29,0.00,0.00,0.00,0.00,1.09,TRUE,21,6,TRUE
192,0.00,13.24,0.00,0.00,0.00,0.00,0.00,10.59,0.00,0.00,0.00,0.00,2.89,0.00,0.00,0.00,0.00,3.05,TRUE,90,9,FALSE
193,0.00,0.00,0.00,0.00,6.76,0.00,0.00,0.00,0.00,0.00,0.00,12.90,0.86,0.00,0.00,0.00,0.00,2.79,FALSE,NA,NA,NA
194,0.00,0.00,0.00,8.94,0.00,0.00,0.00,0.00,11.58,0.00,0.00,0.00,2.60,0.00,0.00,0.00,0.00,2.80,FALSE,NA,NA,NA
195,0.00,0.00,0.00,0.00,13.21,0.00,0.00,0.00,0.00,0.00,0.00,10.31,1.56,0.00,0.00,0.00,0.00,1.57,TRUE,23,14,TRUE
196,0.00,0.00,0.00,12.94,0.00,0.00,0.00,0.00,10.52,0.00,0.00,0.00,1.72,0.00,0.00,0.00,0.00,1.66,TRUE,25,279,FALSE
197,0.00,0.00,0.00,12.88,7.99,0.00,0.00,0.00,0.00,0.00,0.00,0.00,2.17,0.00,0.00,0.00,0.00,3.03,TRUE,21,169,FALSE
198,0.00,0.00,0.00,0.00,13.50,0.00,0.00,0.00,11.34,0.00,0.00,0.00,2.86,0.00,0.00,0.00,0.00,2.95,TRUE,396,15,FALSE
199,0.00,0.00,0.00,0.00,0.00,9.09,13.12,0.00,0.00,0.00,0.00,0.00,1.56,0.00,0.00,0.00,0.00,2.67,FALSE,NA,NA,NA
200,0.00,0.00,0.00,7.00,10.79,0.00,0.00,0.00,0.00,0.00,0.00,0.00,2.56,0.00,0.00,0.00,0.00,3.48,TRUE,42,293,FALSE
201,0.00,0.00,10.64,0.00,0.00,0.00,0.00,0.00,0.00,0.00,0.00,11.80,1.26,0.00,0.00,0.00,0.00,1.43,TRUE,914,211,FALSE
202,0.00,0.00,0.00,0.00,9.24,0.00,0.00,0.00,0.00,0.00,0.00,11.69,2.90,0.00,0.00,0.00,0.00,3.13,FALSE,NA,NA,NA
203,0.00,0.00,0.00,0.00,0.00,0.00,13.04,0.00,0.00,0.00,0.00,9.25,1.63,0.00,0.00,0.00,0.00,1.70,TRUE,44,637,FALSE
204,0.00,0.00,0.00,0.00,0.00,0.00,10.67,0.00,0.00,0.00,0.00,8.95,1.20,0.00,0.00,0.00,0.00,2.64,FALSE,NA,NA,NA
205,0.00,0.00,0.00,11.70,8.48,0.00,0.00,0.00,0.00,0.00,0.00,0.00,1.22,0.00,0.00,0.00,0.00,3.95,TRUE,51,283,FALSE
206,0.00,0.00,0.00,0.00,0.00,0.00,0.00,0.00,8.14,0.00,0.00,10.90,1.42,0.00,0.00,0.00,0.00,3.04,FALSE,NA,NA,NA
207,0.00,0.00,9.82,0.00,0.00,0.00,0.00,0.00,13.09,0.00,0.00,0.00,1.37,0.00,0.00,0.00,0.00,2.33,TRUE,22,10,TRUE
208,0.00,0.00,0.00,9.91,0.00,0.00,0.00,0.00,0.00,0.00,0.00,12.25,1.23,0.00,0.00,0.00,0.00,1.65,TRUE,21,339,FALSE
209,0.00,0.00,0.00,12.73,9.42,0.00,0.00,0.00,0.00,0.00,0.00,0.00,1.17,0.00,0.00,0.00,0.00,1.26,TRUE,19,6,TRUE
210,0.00,0.00,0.00,0.00,0.00,0.00,12.92,0.00,0.00,0.00,7.73,0.00,2.65,0.00,0.00,0.00,0.00,1.20,FALSE,NA,NA,NA
211,0.00,0.00,0.00,0.00,0.00,0.00,13.21,8.00,0.00,0.00,0.00,0.00,1.11,0.00,0.00,0.00,0.00,2.54,FALSE,NA,NA,NA
212,0.00,0.00,0.00,11.88,0.00,0.00,0.00,0.00,8.81,0.00,0.00,0.00,2.63,0.00,0.00,0.00,0.00,3.14,FALSE,NA,NA,NA
213,0.00,0.00,0.00,0.00,11.90,0.00,0.00,0.00,0.00,0.00,0.00,12.95,1.75,0.00,0.00,0.00,0.00,3.41,FALSE,NA,NA,NA
214,0.00,0.00,0.00,9.69,9.17,0.00,0.00,0.00,0.00,0.00,0.00,0.00,2.56,0.00,0.00,0.00,0.00,4.02,FALSE,NA,NA,NA
215,0.00,0.00,0.00,0.00,0.00,0.00,0.00,0.00,10.09,0.00,0.00,12.41,1.98,0.00,0.00,0.00,0.00,3.55,FALSE,NA,NA,NA
216,0.00,0.00,0.00,10.28,13.05,0.00,0.00,0.00,0.00,0.00,0.00,0.00,1.01,0.00,0.00,0.00,0.00,1.97,TRUE,17,19,TRUE
217,0.00,0.00,0.00,0.00,0.00,0.00,0.00,6.51,0.00,0.00,0.00,11.93,1.05,0.00,0.00,0.00,1.14,0.00,TRUE,28,48,FALSE
218,0.00,11.78,6.59,0.00,0.00,0.00,0.00,0.00,0.00,0.00,0.00,0.00,2.43,0.00,0.00,0.00,2.51,0.00,FALSE,NA,NA,NA
219,0.00,0.00,0.00,0.00,0.00,0.00,0.00,0.00,0.00,9.13,8.19,0.00,1.08,0.00,0.00,0.00,2.65,0.00,FALSE,NA,NA,NA
220,0.00,0.00,9.40,0.00,0.00,0.00,0.00,12.26,0.00,0.00,0.00,0.00,1.80,0.00,0.00,0.00,1.65,0.00,FALSE,NA,NA,NA
221,0.00,0.00,0.00,0.00,11.27,0.00,0.00,12.13,0.00,0.00,0.00,0.00,2.24,0.00,0.00,0.00,2.07,0.00,FALSE,NA,NA,NA
222,6.30,10.49,0.00,0.00,0.00,0.00,0.00,0.00,0.00,0.00,0.00,0.00,2.03,0.00,0.00,0.00,3.79,0.00,FALSE,NA,NA,NA
223,5.86,0.00,9.53,0.00,0.00,0.00,0.00,0.00,0.00,0.00,0.00,0.00,2.64,0.00,0.00,0.00,2.89,0.00,FALSE,NA,NA,NA
224,0.00,0.00,0.00,0.00,0.00,0.00,11.23,0.00,0.00,0.00,0.00,11.49,2.92,0.00,0.00,0.00,3.98,0.00,FALSE,NA,NA,NA
225,0.00,0.00,7.86,0.00,0.00,10.05,0.00,0.00,0.00,0.00,0.00,0.00,1.78,0.00,0.00,0.00,2.35,0.00,FALSE,NA,NA,NA
226,0.00,0.00,0.00,7.28,0.00,0.00,0.00,6.63,0.00,0.00,0.00,0.00,1.48,0.00,0.00,0.00,2.23,0.00,FALSE,NA,NA,NA
227,0.00,0.00,12.96,0.00,0.00,0.00,11.95,0.00,0.00,0.00,0.00,0.00,2.16,0.00,0.00,0.00,4.04,0.00,FALSE,NA,NA,NA
228,0.00,0.00,8.17,0.00,0.00,0.00,0.00,0.00,0.00,7.98,0.00,0.00,2.41,0.00,0.00,0.00,3.79,0.00,FALSE,NA,NA,NA
229,0.00,0.00,0.00,0.00,8.60,0.00,0.00,0.00,0.00,10.81,0.00,0.00,2.00,0.00,0.00,0.00,4.96,0.00,FALSE,NA,NA,NA
230,0.00,9.78,0.00,0.00,8.80,0.00,0.00,0.00,0.00,0.00,0.00,0.00,1.19,0.00,0.00,0.00,3.26,0.00,FALSE,NA,NA,NA
231,0.00,0.00,0.00,0.00,0.00,0.00,0.00,11.41,11.02,0.00,0.00,0.00,2.33,0.00,0.00,0.00,3.03,0.00,TRUE,25,77,FALSE
232,0.00,0.00,0.00,0.00,0.00,0.00,0.00,0.00,0.00,0.00,11.92,11.85,1.29,0.00,0.00,0.00,4.89,0.00,FALSE,NA,NA,NA
233,0.00,0.00,0.00,6.93,12.13,0.00,0.00,0.00,0.00,0.00,0.00,0.00,1.43,0.00,0.00,0.00,3.45,0.00,TRUE,28,67,TRUE
234,0.00,0.00,0.00,9.21,0.00,12.07,0.00,0.00,0.00,0.00,0.00,0.00,2.57,0.00,0.00,0.00,2.73,0.00,FALSE,NA,NA,NA
235,0.00,0.00,11.08,0.00,0.00,0.00,0.00,0.00,9.28,0.00,0.00,0.00,1.45,0.00,0.00,0.00,1.64,0.00,FALSE,NA,NA,NA
236,8.02,0.00,0.00,0.00,0.00,0.00,0.00,0.00,0.00,0.00,9.22,0.00,1.97,0.00,0.00,0.00,4.67,0.00,FALSE,NA,NA,NA
237,0.00,0.00,0.00,0.00,0.00,0.00,10.79,0.00,0.00,0.00,13.18,0.00,1.32,0.00,0.00,0.00,4.19,0.00,FALSE,NA,NA,NA
238,0.00,0.00,0.00,8.00,0.00,0.00,0.00,0.00,0.00,0.00,8.48,0.00,1.58,0.00,0.00,0.00,3.43,0.00,FALSE,NA,NA,NA
239,0.00,0.00,0.00,0.00,0.00,12.48,0.00,7.62,0.00,0.00,0.00,0.00,2.07,0.00,0.00,0.00,4.92,0.00,FALSE,NA,NA,NA
240,8.22,0.00,0.00,0.00,0.00,9.35,0.00,0.00,0.00,0.00,0.00,0.00,1.02,0.00,0.00,0.00,4.07,0.00,FALSE,NA,NA,NA
241,0.00,0.00,0.00,6.68,0.00,0.00,0.00,0.00,12.93,0.00,0.00,0.00,1.58,0.00,0.00,0.00,2.99,0.00,TRUE,23,73,FALSE
242,0.00,0.00,0.00,0.00,0.00,0.00,8.68,0.00,13.23,0.00,0.00,0.00,1.42,0.00,0.00,0.00,4.91,0.00,FALSE,NA,NA,NA
243,0.00,0.00,0.00,0.00,0.00,0.00,0.00,0.00,11.41,0.00,8.80,0.00,1.61,0.00,0.00,0.00,1.22,0.00,FALSE,NA,NA,NA
244,0.00,0.00,0.00,0.00,0.00,12.64,9.97,0.00,0.00,0.00,0.00,0.00,2.51,0.00,0.00,0.00,4.32,0.00,FALSE,NA,NA,NA
245,0.00,0.00,0.00,9.30,0.00,0.00,10.07,0.00,0.00,0.00,0.00,0.00,2.66,0.00,0.00,0.00,2.45,0.00,TRUE,30,90,FALSE
246,0.00,0.00,0.00,0.00,7.28,0.00,0.00,0.00,0.00,0.00,0.00,12.58,1.20,0.00,0.00,0.00,1.96,0.00,TRUE,17,8,TRUE
247,0.00,0.00,0.00,0.00,11.85,0.00,0.00,0.00,9.72,0.00,0.00,0.00,2.56,0.00,0.00,0.00,1.72,0.00,TRUE,22,21,TRUE
248,0.00,0.00,0.00,0.00,0.00,0.00,0.00,0.00,9.73,0.00,0.00,9.92,2.83,0.00,0.00,0.00,1.46,0.00,TRUE,21,3,TRUE
249,0.00,0.00,0.00,0.00,0.00,9.54,0.00,0.00,0.00,0.00,9.26,0.00,2.17,0.00,0.00,0.00,3.47,0.00,FALSE,NA,NA,NA
250,0.00,0.00,0.00,0.00,0.00,12.71,0.00,0.00,0.00,12.11,0.00,0.00,2.29,0.00,0.00,0.00,1.40,0.00,FALSE,NA,NA,NA
251,0.00,12.43,0.00,0.00,0.00,0.00,0.00,11.14,0.00,0.00,0.00,0.00,2.70,0.00,0.00,0.00,4.59,0.00,FALSE,NA,NA,NA
252,0.00,0.00,0.00,0.00,0.00,10.75,0.00,0.00,10.63,0.00,0.00,0.00,2.06,0.00,0.00,0.00,4.42,0.00,FALSE,NA,NA,NA
253,0.00,0.00,0.00,0.00,12.30,0.00,0.00,0.00,0.00,0.00,0.00,8.28,2.52,0.00,0.00,0.00,1.04,0.00,TRUE,19,5,TRUE
254,0.00,0.00,0.00,6.75,0.00,0.00,0.00,0.00,0.00,0.00,0.00,13.30,2.92,0.00,0.00,0.00,1.42,0.00,TRUE,21,9,TRUE
255,0.00,0.00,0.00,0.00,0.00,0.00,0.00,0.00,0.00,8.77,0.00,10.54,1.44,0.00,0.00,0.00,1.22,0.00,FALSE,NA,NA,NA
256,0.00,0.00,0.00,13.82,0.00,0.00,0.00,0.00,0.00,0.00,0.00,10.41,1.05,0.00,0.00,0.00,2.83,0.00,TRUE,25,340,FALSE
257,0.00,0.00,0.00,10.10,0.00,0.00,0.00,0.00,7.96,0.00,0.00,0.00,2.60,0.00,0.00,0.00,2.16,0.00,FALSE,NA,NA,NA
258,0.00,9.39,0.00,0.00,0.00,0.00,0.00,0.00,0.00,0.00,0.00,12.88,2.07,0.00,0.00,0.00,1.18,0.00,FALSE,NA,NA,NA
259,0.00,0.00,0.00,0.00,0.00,0.00,0.00,0.00,12.22,0.00,0.00,8.54,1.54,0.00,0.00,0.00,3.00,0.00,TRUE,19,64,TRUE
260,0.00,0.00,0.00,7.27,8.06,0.00,0.00,0.00,0.00,0.00,0.00,0.00,2.91,0.00,0.00,0.00,5.08,0.00,FALSE,NA,NA,NA
261,0.00,0.00,0.00,0.00,0.00,9.21,0.00,0.00,0.00,0.00,0.00,11.82,1.57,0.00,0.00,0.00,2.76,0.00,FALSE,NA,NA,NA
262,0.00,0.00,0.00,0.00,0.00,0.00,0.00,6.78,0.00,0.00,0.00,9.18,1.98,0.00,0.00,0.00,1.97,0.00,FALSE,NA,NA,NA
263,0.00,0.00,0.00,0.00,0.00,0.00,0.00,12.56,0.00,0.00,0.00,12.49,1.43,0.00,0.00,0.00,2.53,0.00,FALSE,NA,NA,NA
264,0.00,0.00,0.00,0.00,10.85,0.00,0.00,0.00,0.00,0.00,0.00,12.86,2.64,0.00,0.00,0.00,3.30,0.00,TRUE,24,357,FALSE
265,0.00,0.00,0.00,8.70,0.00,0.00,0.00,0.00,0.00,0.00,0.00,8.63,2.58,0.00,0.00,0.00,4.40,0.00,FALSE,NA,NA,NA
266,0.00,0.00,0.00,13.32,6.72,0.00,0.00,0.00,0.00,0.00,0.00,0.00,1.23,0.00,0.00,0.00,4.58,0.00,FALSE,NA,NA,NA
267,0.00,0.00,0.00,0.00,0.00,0.00,0.00,0.00,8.55,0.00,0.00,11.25,0.99,0.00,0.00,0.00,2.43,0.00,TRUE,20,23,TRUE
268,0.00,0.00,0.00,8.51,0.00,0.00,0.00,0.00,11.53,0.00,0.00,0.00,2.25,0.00,0.00,0.00,1.39,0.00,TRUE,31,18,TRUE
269,0.00,0.00,0.00,0.00,9.76,0.00,0.00,0.00,0.00,0.00,0.00,11.42,1.65,0.00,0.00,0.00,4.22,0.00,FALSE,NA,NA,NA
270,0.00,0.00,0.00,0.00,10.84,0.00,0.00,0.00,12.58,0.00,0.00,0.00,1.85,0.00,0.00,0.00,3.75,0.00,FALSE,NA,NA,NA
271,0.00,0.00,0.00,0.00,0.00,11.71,0.00,0.00,0.00,0.00,0.00,12.84,1.01,0.00,0.00,0.00,1.35,0.00,TRUE,28,1030,FALSE
272,0.00,0.00,0.00,0.00,0.00,0.00,7.97,0.00,0.00,0.00,0.00,8.24,1.61,0.00,0.00,0.00,1.55,0.00,TRUE,28,170,FALSE
273,0.00,0.00,0.00,12.07,8.20,0.00,0.00,0.00,0.00,0.00,0.00,0.00,1.90,0.00,0.00,0.00,2.28,0.00,TRUE,25,60,TRUE
274,0.00,0.00,0.00,12.40,0.00,0.00,0.00,0.00,10.55,0.00,0.00,0.00,2.92,0.00,0.00,0.00,3.56,0.00,FALSE,NA,NA,NA
275,0.00,0.00,0.00,9.86,12.38,0.00,0.00,0.00,0.00,0.00,0.00,0.00,2.43,0.00,0.00,0.00,1.77,0.00,TRUE,29,15,TRUE
276,0.00,0.00,0.00,0.00,0.00,0.00,10.33,0.00,0.00,0.00,0.00,9.28,2.26,0.00,0.00,0.00,2.29,0.00,FALSE,NA,NA,NA
277,0.00,0.00,0.00,9.05,0.00,0.00,0.00,0.00,0.00,0.00,0.00,11.54,1.17,0.00,0.00,0.00,1.07,0.00,TRUE,21,5,TRUE
278,0.00,0.00,0.00,14.45,12.47,0.00,0.00,0.00,0.00,0.00,0.00,0.00,1.56,0.00,0.00,0.00,1.15,0.00,TRUE,73,7,TRUE
279,0.00,0.00,0.00,0.00,0.00,0.00,12.05,0.00,10.24,0.00,0.00,0.00,1.18,0.00,0.00,0.00,1.29,0.00,TRUE,29,4,TRUE
280,0.00,0.00,0.00,12.48,12.62,0.00,0.00,0.00,0.00,0.00,0.00,0.00,2.72,0.00,0.00,0.00,1.37,0.00,TRUE,21,8,TRUE
281,0.00,0.00,0.00,0.00,13.57,0.00,0.00,0.00,0.00,0.00,0.00,10.86,1.98,0.00,0.00,0.00,1.43,0.00,TRUE,31,7,TRUE
282,0.00,0.00,0.00,0.00,0.00,0.00,0.00,0.00,12.23,0.00,0.00,12.60,1.27,0.00,0.00,0.00,1.70,0.00,TRUE,17,3,TRUE
283,0.00,0.00,0.00,11.82,0.00,0.00,0.00,0.00,0.00,0.00,0.00,12.71,1.27,0.00,0.00,0.00,1.74,0.00,TRUE,20,34,TRUE
284,0.00,0.00,0.00,0.00,0.00,0.00,12.36,0.00,12.21,0.00,0.00,0.00,1.75,0.00,0.00,0.00,1.41,0.00,TRUE,19,4,TRUE
285,0.00,0.00,0.00,0.00,0.00,0.00,13.00,0.00,0.00,0.00,0.00,12.79,1.25,0.00,0.00,0.00,1.15,0.00,TRUE,18,6,TRUE
286,0.00,0.00,0.00,0.00,8.69,0.00,0.00,0.00,0.00,0.00,0.00,12.41,1.11,0.00,0.00,0.00,1.28,0.00,TRUE,25,3,TRUE
287,0.00,0.00,0.00,0.00,0.00,0.00,0.00,0.00,11.66,0.00,0.00,12.08,1.65,0.00,0.00,0.00,1.19,0.00,TRUE,19,2,TRUE
288,0.00,0.00,0.00,0.00,12.72,0.00,0.00,0.00,0.00,0.00,0.00,11.62,1.20,0.00,0.00,0.00,1.61,0.00,TRUE,20,8,TRUE
289,0.00,0.00,0.00,8.47,0.00,0.00,0.00,0.00,0.00,0.00,0.00,13.06,2.07,0.00,0.00,0.00,1.17,0.00,TRUE,23,6,TRUE
290,0.00,0.00,0.00,13.92,0.00,0.00,0.00,0.00,0.00,0.00,0.00,9.44,1.33,0.00,0.00,0.00,1.36,0.00,TRUE,36,30,TRUE
291,0.00,0.00,0.00,13.95,7.78,0.00,0.00,0.00,0.00,0.00,0.00,0.00,2.81,0.00,0.00,0.00,1.15,0.00,TRUE,24,8,TRUE
292,0.00,0.00,0.00,0.00,12.27,0.00,0.00,0.00,0.00,0.00,0.00,10.43,1.55,0.00,0.00,0.00,1.17,0.00,TRUE,23,4,TRUE
293,0.00,0.00,0.00,12.01,0.00,0.00,0.00,0.00,0.00,0.00,0.00,12.95,1.72,0.00,0.00,0.00,1.59,0.00,TRUE,22,25,TRUE
294,0.00,0.00,0.00,0.00,0.00,0.00,12.72,0.00,13.01,0.00,0.00,0.00,1.10,0.00,0.00,0.00,2.09,0.00,TRUE,19,9,TRUE
295,0.00,0.00,0.00,0.00,0.00,0.00,0.00,0.00,12.39,0.00,0.00,9.58,0.85,0.00,0.00,0.00,1.26,0.00,TRUE,14,2,TRUE
296,0.00,0.00,0.00,0.00,8.39,0.00,0.00,0.00,0.00,0.00,0.00,12.93,1.97,0.00,0.00,0.00,1.18,0.00,TRUE,33,3,TRUE
297,0.00,0.00,0.00,12.16,13.08,0.00,0.00,0.00,0.00,0.00,0.00,0.00,2.12,0.00,0.00,0.00,1.41,0.00,TRUE,24,9,TRUE
298,0.00,0.00,0.00,10.17,12.71,0.00,0.00,0.00,0.00,0.00,0.00,0.00,2.53,0.00,0.00,0.00,1.14,0.00,TRUE,24,6,TRUE
299,0.00,0.00,0.00,14.12,0.00,0.00,0.00,0.00,0.00,0.00,0.00,11.25,2.54,0.00,0.00,0.00,1.20,0.00,TRUE,29,25,TRUE
300,0.00,0.00,0.00,12.04,0.00,0.00,0.00,0.00,0.00,0.00,0.00,11.58,1.21,0.00,0.00,0.00,1.66,0.00,TRUE,18,35,FALSE
301,0.00,0.00,0.00,11.89,0.00,0.00,0.00,6.69,0.00,0.00,0.00,0.00,0.00,0.00,2.80,0.00,4.99,0.00,TRUE,2447,41,FALSE
302,0.00,0.00,10.46,0.00,0.00,0.00,12.66,0.00,0.00,0.00,0.00,0.00,0.00,0.00,1.52,0.00,2.99,0.00,TRUE,15,5,FALSE
303,0.00,0.00,0.00,8.56,0.00,0.00,0.00,0.00,0.00,0.00,0.00,11.09,0.00,0.00,1.84,0.00,3.12,0.00,FALSE,NA,NA,NA
304,5.44,8.70,0.00,0.00,0.00,0.00,0.00,0.00,0.00,0.00,0.00,0.00,0.00,0.00,2.40,0.00,4.81,0.00,TRUE,730,10,FALSE
305,0.00,9.19,0.00,0.00,11.05,0.00,0.00,0.00,0.00,0.00,0.00,0.00,0.00,0.00,2.53,0.00,3.54,0.00,TRUE,16,5,TRUE
306,0.00,0.00,0.00,0.00,0.00,11.01,0.00,0.00,8.25,0.00,0.00,0.00,0.00,0.00,2.98,0.00,2.41,0.00,FALSE,NA,NA,NA
307,0.00,0.00,0.00,0.00,0.00,8.90,0.00,0.00,0.00,10.75,0.00,0.00,0.00,0.00,1.82,0.00,1.72,0.00,TRUE,19,2,TRUE
308,8.11,0.00,0.00,0.00,0.00,0.00,0.00,0.00,0.00,0.00,0.00,12.56,0.00,0.00,2.16,0.00,2.34,0.00,FALSE,NA,NA,NA
309,0.00,0.00,10.68,0.00,0.00,0.00,0.00,0.00,0.00,11.58,0.00,0.00,0.00,0.00,1.91,0.00,1.74,0.00,TRUE,14,5,FALSE
310,0.00,9.06,0.00,0.00,0.00,0.00,0.00,0.00,10.99,0.00,0.00,0.00,0.00,0.00,2.77,0.00,4.65,0.00,TRUE,58,471,FALSE
311,0.00,0.00,0.00,0.00,0.00,0.00,8.16,0.00,0.00,0.00,11.63,0.00,0.00,0.00,2.13,0.00,2.02,0.00,FALSE,NA,NA,NA
312,0.00,0.00,0.00,0.00,0.00,0.00,0.00,0.00,0.00,0.00,12.80,11.64,0.00,0.00,1.46,0.00,3.18,0.00,FALSE,NA,NA,NA
313,0.00,0.00,0.00,0.00,12.18,0.00,0.00,0.00,8.62,0.00,0.00,0.00,0.00,0.00,2.40,0.00,1.05,0.00,TRUE,23,8,TRUE
314,0.00,0.00,0.00,11.91,0.00,0.00,0.00,0.00,0.00,10.32,0.00,0.00,0.00,0.00,1.49,0.00,4.48,0.00,FALSE,NA,NA,NA
315,0.00,11.49,0.00,0.00,0.00,0.00,0.00,0.00,0.00,0.00,8.70,0.00,0.00,0.00,1.05,0.00,3.36,0.00,TRUE,25,3,TRUE
316,0.00,9.39,0.00,0.00,0.00,9.08,0.00,0.00,0.00,0.00,0.00,0.00,0.00,0.00,3.03,0.00,3.03,0.00,TRUE,28,8,FALSE
317,5.15,0.00,0.00,0.00,0.00,0.00,0.00,12.09,0.00,0.00,0.00,0.00,0.00,0.00,2.43,0.00,1.31,0.00,TRUE,411,151,FALSE
318,0.00,0.00,0.00,0.00,0.00,0.00,0.00,8.15,0.00,0.00,0.00,11.34,0.00,0.00,3.40,0.00,4.36,0.00,TRUE,2083,32,FALSE
319,0.00,0.00,11.36,0.00,0.00,0.00,0.00,0.00,10.80,0.00,0.00,0.00,0.00,0.00,1.89,0.00,1.53,0.00,FALSE,NA,NA,NA
320,0.00,0.00,13.13,0.00,0.00,0.00,0.00,0.00,0.00,0.00,0.00,11.72,0.00,0.00,2.24,0.00,2.13,0.00,FALSE,NA,NA,NA
321,4.94,0.00,0.00,0.00,0.00,9.24,0.00,0.00,0.00,0.00,0.00,0.00,0.00,0.00,2.51,0.00,1.34,0.00,TRUE,502,182,FALSE
322,0.00,0.00,13.58,10.00,0.00,0.00,0.00,0.00,0.00,0.00,0.00,0.00,0.00,0.00,3.05,0.00,3.48,0.00,TRUE,15,7,TRUE
323,0.00,0.00,0.00,0.00,0.00,0.00,12.28,8.37,0.00,0.00,0.00,0.00,0.00,0.00,3.21,0.00,4.50,0.00,FALSE,NA,NA,NA
324,0.00,0.00,0.00,0.00,8.79,0.00,0.00,13.95,0.00,0.00,0.00,0.00,0.00,0.00,2.39,0.00,1.96,0.00,FALSE,NA,NA,NA
325,0.00,0.00,0.00,0.00,0.00,0.00,0.00,6.88,0.00,0.00,12.84,0.00,0.00,0.00,3.10,0.00,4.21,0.00,FALSE,NA,NA,NA
326,0.00,0.00,0.00,0.00,0.00,0.00,0.00,12.72,0.00,12.68,0.00,0.00,0.00,0.00,2.29,0.00,4.95,0.00,FALSE,NA,NA,NA
327,0.00,0.00,0.00,0.00,0.00,0.00,0.00,0.00,0.00,10.92,9.53,0.00,0.00,0.00,1.75,0.00,4.02,0.00,TRUE,260,4,TRUE
328,5.72,0.00,0.00,0.00,0.00,0.00,0.00,0.00,0.00,10.46,0.00,0.00,0.00,0.00,1.68,0.00,1.59,0.00,TRUE,17,2,TRUE
329,0.00,0.00,6.78,0.00,8.27,0.00,0.00,0.00,0.00,0.00,0.00,0.00,0.00,0.00,1.33,0.00,2.73,0.00,TRUE,14,4,TRUE
330,0.00,0.00,11.94,0.00,0.00,0.00,0.00,11.46,0.00,0.00,0.00,0.00,0.00,0.00,1.64,0.00,3.80,0.00,TRUE,17,8,TRUE
331,0.00,0.00,0.00,0.00,0.00,0.00,11.32,0.00,0.00,12.15,0.00,0.00,0.00,0.00,1.76,0.00,1.63,0.00,TRUE,14,2,TRUE
332,0.00,12.10,0.00,0.00,0.00,0.00,0.00,0.00,0.00,9.18,0.00,0.00,0.00,0.00,2.08,0.00,1.51,0.00,TRUE,19,2,TRUE
333,0.00,0.00,0.00,0.00,11.65,0.00,0.00,0.00,0.00,8.93,0.00,0.00,0.00,0.00,1.51,0.00,4.84,0.00,TRUE,38,19,TRUE
334,0.00,11.98,0.00,0.00,0.00,0.00,0.00,0.00,0.00,0.00,0.00,9.54,0.00,0.00,3.26,0.00,4.16,0.00,FALSE,NA,NA,NA
335,4.68,0.00,0.00,0.00,13.21,0.00,0.00,0.00,0.00,0.00,0.00,0.00,0.00,0.00,1.38,0.00,2.92,0.00,TRUE,86,134,FALSE
336,6.98,0.00,0.00,0.00,0.00,0.00,0.00,0.00,0.00,0.00,9.63,0.00,0.00,0.00,1.04,0.00,3.79,0.00,TRUE,941,12,FALSE
337,0.00,0.00,0.00,0.00,8.38,0.00,0.00,0.00,0.00,0.00,0.00,8.28,0.00,0.00,2.98,0.00,2.21,0.00,TRUE,19,133,FALSE
338,0.00,0.00,0.00,0.00,0.00,0.00,0.00,0.00,0.00,10.39,0.00,12.40,0.00,0.00,2.71,0.00,2.48,0.00,TRUE,2910,104,FALSE
339,0.00,0.00,0.00,0.00,0.00,7.86,0.00,6.96,0.00,0.00,0.00,0.00,0.00,0.00,2.16,0.00,2.14,0.00,TRUE,1081,26,FALSE
340,0.00,0.00,0.00,0.00,0.00,0.00,0.00,0.00,11.16,12.66,0.00,0.00,0.00,0.00,3.16,0.00,2.51,0.00,TRUE,14,4,TRUE
341,0.00,12.00,0.00,0.00,0.00,0.00,0.00,9.85,0.00,0.00,0.00,0.00,0.00,0.00,3.36,0.00,4.76,0.00,TRUE,33,17,TRUE
342,0.00,0.00,0.00,7.44,0.00,0.00,8.77,0.00,0.00,0.00,0.00,0.00,0.00,0.00,3.07,0.00,3.48,0.00,FALSE,NA,NA,NA
343,0.00,10.30,12.03,0.00,0.00,0.00,0.00,0.00,0.00,0.00,0.00,0.00,0.00,0.00,2.47,0.00,4.76,0.00,TRUE,15,6,TRUE
344,0.00,0.00,9.12,0.00,0.00,0.00,0.00,0.00,0.00,0.00,10.40,0.00,0.00,0.00,1.56,0.00,4.19,0.00,FALSE,NA,NA,NA
345,3.96,0.00,0.00,0.00,0.00,0.00,11.95,0.00,0.00,0.00,0.00,0.00,0.00,0.00,2.14,0.00,4.92,0.00,FALSE,NA,NA,NA
346,0.00,0.00,0.00,0.00,0.00,9.19,0.00,0.00,0.00,0.00,0.00,11.50,0.00,0.00,3.22,0.00,5.17,0.00,FALSE,NA,NA,NA
347,0.00,0.00,0.00,0.00,7.94,9.29,0.00,0.00,0.00,0.00,0.00,0.00,0.00,0.00,3.58,0.00,4.27,0.00,FALSE,NA,NA,NA
348,0.00,0.00,0.00,10.41,10.66,0.00,0.00,0.00,0.00,0.00,0.00,0.00,0.00,0.00,3.02,0.00,3.46,0.00,FALSE,NA,NA,NA
349,0.00,0.00,0.00,0.00,0.00,0.00,0.00,10.42,8.88,0.00,0.00,0.00,0.00,0.00,0.99,0.00,1.96,0.00,TRUE,47,108,FALSE
350,0.00,0.00,0.00,0.00,0.00,11.98,0.00,0.00,0.00,0.00,11.44,0.00,0.00,0.00,2.53,0.00,3.66,0.00,FALSE,NA,NA,NA
351,0.00,0.00,0.00,0.00,0.00,0.00,0.00,0.00,10.56,0.00,9.98,0.00,0.00,0.00,1.77,0.00,1.37,0.00,TRUE,92,281,FALSE
352,0.00,0.00,9.68,0.00,0.00,10.32,0.00,0.00,0.00,0.00,0.00,0.00,0.00,0.00,1.66,0.00,3.09,0.00,TRUE,19,7,TRUE
353,0.00,0.00,0.00,0.00,0.00,9.16,9.06,0.00,0.00,0.00,0.00,0.00,0.00,0.00,3.73,0.00,2.32,0.00,FALSE,NA,NA,NA
354,4.64,0.00,0.00,8.41,0.00,0.00,0.00,0.00,0.00,0.00,0.00,0.00,0.00,0.00,2.84,0.00,3.42,0.00,TRUE,2380,228,FALSE
355,0.00,0.00,0.00,6.88,0.00,0.00,0.00,0.00,8.46,0.00,0.00,0.00,0.00,0.00,1.50,0.00,3.98,0.00,TRUE,1232,40,FALSE
356,0.00,0.00,0.00,0.00,8.79,0.00,0.00,0.00,0.00,0.00,7.96,0.00,0.00,0.00,1.90,0.00,1.48,0.00,TRUE,195,9,TRUE
357,0.00,0.00,0.00,0.00,0.00,0.00,8.91,0.00,12.35,0.00,0.00,0.00,0.00,0.00,1.24,0.00,2.72,0.00,TRUE,34,78,FALSE
358,0.00,8.83,0.00,0.00,0.00,0.00,12.89,0.00,0.00,0.00,0.00,0.00,0.00,0.00,1.28,0.00,2.85,0.00,TRUE,26,10,FALSE
359,4.36,0.00,7.88,0.00,0.00,0.00,0.00,0.00,0.00,0.00,0.00,0.00,0.00,0.00,1.35,0.00,3.97,0.00,FALSE,NA,NA,NA
360,0.00,11.06,0.00,8.33,0.00,0.00,0.00,0.00,0.00,0.00,0.00,0.00,0.00,0.00,2.45,0.00,3.90,0.00,TRUE,31,5,TRUE
361,0.00,0.00,0.00,0.00,0.00,0.00,0.00,0.00,10.03,0.00,0.00,9.91,0.00,0.00,0.96,0.00,1.26,0.00,TRUE,23,2,TRUE
362,0.00,0.00,0.00,0.00,0.00,12.93,0.00,11.41,0.00,0.00,0.00,0.00,0.00,0.00,2.99,0.00,1.34,0.00,TRUE,160,244,FALSE
363,0.00,0.00,0.00,0.00,11.73,0.00,7.76,0.00,0.00,0.00,0.00,0.00,0.00,0.00,1.15,0.00,2.08,0.00,FALSE,NA,NA,NA
364,0.00,0.00,0.00,7.87,0.00,0.00,0.00,0.00,12.26,0.00,0.00,0.00,0.00,0.00,2.91,0.00,1.15,0.00,TRUE,26,9,TRUE
365,4.59,0.00,0.00,0.00,0.00,0.00,0.00,0.00,0.00,0.00,0.00,8.80,0.00,0.00,1.08,0.00,4.67,0.00,FALSE,NA,NA,NA
366,0.00,0.00,0.00,0.00,12.10,0.00,0.00,0.00,0.00,0.00,0.00,0.00,0.00,0.00,2.58,0.00,2.95,0.00,FALSE,NA,NA,NA
367,0.00,0.00,0.00,0.00,0.00,0.00,0.00,0.00,8.22,0.00,10.91,0.00,0.00,0.00,0.99,0.00,4.96,0.00,FALSE,NA,NA,NA
368,7.89,0.00,0.00,0.00,0.00,0.00,13.08,0.00,0.00,0.00,0.00,0.00,0.00,0.00,1.04,0.00,1.32,0.00,TRUE,20,8,TRUE
369,0.00,0.00,0.00,0.00,0.00,0.00,12.92,0.00,0.00,0.00,0.00,9.69,0.00,0.00,2.76,0.00,2.02,0.00,FALSE,NA,NA,NA
370,0.00,0.00,0.00,0.00,0.00,0.00,0.00,0.00,13.13,0.00,0.00,8.31,0.00,0.00,2.05,0.00,3.00,0.00,FALSE,NA,NA,NA
371,0.00,0.00,0.00,0.00,0.00,9.21,13.30,0.00,0.00,0.00,0.00,0.00,0.00,0.00,2.09,0.00,3.79,0.00,FALSE,NA,NA,NA
372,0.00,0.00,6.06,0.00,0.00,9.37,0.00,0.00,0.00,0.00,0.00,0.00,0.00,0.00,1.32,0.00,1.18,0.00,TRUE,16,2,TRUE
373,0.00,0.00,0.00,8.35,0.00,8.84,0.00,0.00,0.00,0.00,0.00,0.00,0.00,0.00,2.70,0.00,2.72,0.00,FALSE,NA,NA,NA
374,7.32,0.00,0.00,0.00,0.00,0.00,0.00,0.00,12.74,0.00,0.00,0.00,0.00,0.00,4.02,0.00,4.17,0.00,FALSE,NA,NA,NA
375,0.00,0.00,0.00,0.00,0.00,0.00,0.00,7.74,11.77,0.00,0.00,0.00,0.00,0.00,1.96,0.00,2.56,0.00,TRUE,62,99,FALSE
376,7.49,0.00,0.00,0.00,0.00,0.00,0.00,14.39,0.00,0.00,0.00,0.00,0.00,0.00,2.03,0.00,4.89,0.00,FALSE,NA,NA,NA
377,0.00,0.00,0.00,10.20,0.00,0.00,0.00,0.00,0.00,0.00,8.25,0.00,0.00,0.00,2.34,0.00,2.42,0.00,TRUE,1504,303,FALSE
378,0.00,0.00,0.00,0.00,0.00,0.00,7.69,0.00,10.02,0.00,0.00,0.00,0.00,0.00,2.58,0.00,4.65,0.00,FALSE,NA,NA,NA
379,0.00,0.00,7.40,0.00,0.00,0.00,0.00,7.49,0.00,0.00,0.00,0.00,0.00,0.00,3.09,0.00,2.30,0.00,TRUE,17,3,TRUE
380,0.00,0.00,0.00,0.00,12.64,0.00,0.00,0.00,10.33,0.00,0.00,0.00,0.00,0.00,1.78,0.00,4.20,0.00,TRUE,250,64,FALSE
381,0.00,0.00,9.36,0.00,0.00,0.00,0.00,0.00,0.00,0.00,0.00,7.89,0.00,0.00,3.28,0.00,5.08,0.00,FALSE,NA,NA,NA
382,7.51,0.00,0.00,0.00,9.98,0.00,0.00,0.00,0.00,0.00,0.00,0.00,0.00,0.00,3.33,0.00,5.01,0.00,TRUE,2368,247,FALSE
383,0.00,0.00,0.00,0.00,0.00,0.00,8.80,13.42,0.00,0.00,0.00,0.00,0.00,0.00,2.20,0.00,5.00,0.00,FALSE,NA,NA,NA
384,0.00,0.00,0.00,6.64,0.00,0.00,0.00,0.00,0.00,0.00,10.63,0.00,0.00,0.00,3.41,0.00,3.18,0.00,FALSE,NA,NA,NA
385,0.00,11.62,0.00,7.35,0.00,0.00,0.00,0.00,0.00,0.00,0.00,0.00,0.00,2.90,0.00,0.00,0.00,2.97,FALSE,NA,NA,NA
386,0.00,0.00,0.00,0.00,0.00,0.00,8.57,0.00,11.87,0.00,0.00,0.00,0.00,3.13,0.00,0.00,0.00,4.56,FALSE,NA,NA,NA
387,0.00,0.00,0.00,0.00,0.00,0.00,8.39,0.00,0.00,8.01,0.00,0.00,0.00,3.08,0.00,0.00,0.00,3.01,FALSE,NA,NA,NA
388,0.00,9.46,0.00,0.00,0.00,0.00,0.00,0.00,0.00,9.75,0.00,0.00,0.00,3.05,0.00,0.00,0.00,3.38,FALSE,NA,NA,NA
390,0.00,12.33,0.00,0.00,0.00,0.00,8.18,0.00,0.00,0.00,0.00,0.00,0.00,3.72,0.00,0.00,0.00,3.77,TRUE,40,89,FALSE
391,0.00,0.00,0.00,0.00,0.00,0.00,0.00,0.00,0.00,12.85,9.76,0.00,0.00,1.27,0.00,0.00,0.00,1.77,FALSE,NA,NA,NA
392,0.00,0.00,10.17,0.00,0.00,0.00,0.00,0.00,0.00,0.00,10.54,0.00,0.00,1.67,0.00,0.00,0.00,3.34,FALSE,NA,NA,NA
393,0.00,9.01,0.00,0.00,0.00,0.00,0.00,9.98,0.00,0.00,0.00,0.00,0.00,2.61,0.00,0.00,0.00,4.19,FALSE,NA,NA,NA
394,0.00,0.00,0.00,0.00,7.83,0.00,0.00,0.00,0.00,0.00,9.36,0.00,0.00,1.95,0.00,0.00,0.00,5.21,FALSE,NA,NA,NA
395,7.90,0.00,0.00,0.00,0.00,0.00,0.00,0.00,0.00,12.39,0.00,0.00,0.00,2.59,0.00,0.00,0.00,2.70,FALSE,NA,NA,NA
396,0.00,9.85,0.00,0.00,0.00,0.00,0.00,0.00,0.00,0.00,0.00,12.04,0.00,1.78,0.00,0.00,0.00,1.72,FALSE,NA,NA,NA
397,0.00,0.00,0.00,0.00,12.23,0.00,0.00,0.00,0.00,8.67,0.00,0.00,0.00,2.27,0.00,0.00,0.00,3.08,FALSE,NA,NA,NA
399,7.84,0.00,0.00,0.00,0.00,0.00,0.00,0.00,11.92,0.00,0.00,0.00,0.00,2.84,0.00,0.00,0.00,1.74,FALSE,NA,NA,NA
400,0.00,0.00,0.00,0.00,0.00,0.00,0.00,6.71,0.00,0.00,12.79,0.00,0.00,1.69,0.00,0.00,0.00,3.73,FALSE,NA,NA,NA
401,0.00,0.00,0.00,10.56,0.00,0.00,0.00,0.00,0.00,0.00,0.00,12.90,0.00,2.92,0.00,0.00,0.00,4.44,FALSE,NA,NA,NA
402,6.28,11.14,0.00,0.00,0.00,0.00,0.00,0.00,0.00,0.00,0.00,0.00,0.00,1.69,0.00,0.00,0.00,4.38,FALSE,NA,NA,NA
403,0.00,0.00,0.00,0.00,0.00,0.00,0.00,0.00,0.00,0.00,12.47,10.37,0.00,2.46,0.00,0.00,0.00,4.08,FALSE,NA,NA,NA
404,0.00,8.36,0.00,0.00,7.85,0.00,0.00,0.00,0.00,0.00,0.00,0.00,0.00,1.86,0.00,0.00,0.00,2.26,FALSE,NA,NA,NA
406,0.00,0.00,0.00,0.00,0.00,0.00,9.91,0.00,0.00,0.00,0.00,10.86,0.00,2.96,0.00,0.00,0.00,4.82,FALSE,NA,NA,NA
407,0.00,0.00,0.00,0.00,0.00,0.00,0.00,0.00,9.91,11.48,0.00,0.00,0.00,3.37,0.00,0.00,0.00,4.94,FALSE,NA,NA,NA
408,0.00,0.00,9.37,0.00,0.00,0.00,0.00,11.17,0.00,0.00,0.00,0.00,0.00,4.86,0.00,0.00,0.00,2.68,FALSE,NA,NA,NA
409,5.48,0.00,0.00,7.44,0.00,0.00,0.00,0.00,0.00,0.00,0.00,0.00,0.00,1.74,0.00,0.00,0.00,1.41,FALSE,NA,NA,NA
410,0.00,0.00,0.00,0.00,0.00,0.00,0.00,10.92,0.00,12.26,0.00,0.00,0.00,1.32,0.00,0.00,0.00,4.58,FALSE,NA,NA,NA
411,0.00,0.00,0.00,13.02,0.00,0.00,0.00,0.00,12.25,0.00,0.00,0.00,0.00,2.51,0.00,0.00,0.00,1.94,FALSE,NA,NA,NA
412,0.00,0.00,0.00,0.00,0.00,0.00,7.76,11.43,0.00,0.00,0.00,0.00,0.00,1.79,0.00,0.00,0.00,1.97,FALSE,NA,NA,NA
413,0.00,0.00,8.02,0.00,0.00,0.00,0.00,0.00,0.00,9.53,0.00,0.00,0.00,2.65,0.00,0.00,0.00,1.92,FALSE,NA,NA,NA
414,0.00,0.00,0.00,0.00,12.49,0.00,0.00,0.00,0.00,0.00,0.00,7.84,0.00,3.03,0.00,0.00,0.00,4.93,FALSE,NA,NA,NA
415,0.00,0.00,0.00,0.00,8.20,8.17,0.00,0.00,0.00,0.00,0.00,0.00,0.00,1.66,0.00,0.00,0.00,4.12,FALSE,NA,NA,NA
416,6.99,0.00,0.00,0.00,0.00,0.00,0.00,0.00,0.00,0.00,13.71,0.00,0.00,1.51,0.00,0.00,0.00,3.06,FALSE,NA,NA,NA
417,0.00,0.00,9.94,0.00,0.00,0.00,0.00,0.00,0.00,0.00,0.00,11.32,0.00,2.90,0.00,0.00,0.00,2.55,FALSE,NA,NA,NA
418,0.00,0.00,8.38,0.00,0.00,0.00,0.00,0.00,11.76,0.00,0.00,0.00,0.00,1.44,0.00,0.00,0.00,4.09,TRUE,541,143,TRUE
419,0.00,0.00,0.00,0.00,0.00,0.00,0.00,0.00,12.69,0.00,0.00,11.76,0.00,3.42,0.00,0.00,0.00,1.60,TRUE,24,10,FALSE
420,0.00,11.39,0.00,0.00,0.00,0.00,0.00,0.00,0.00,0.00,9.27,0.00,0.00,2.03,0.00,0.00,0.00,4.14,FALSE,NA,NA,NA
421,0.00,0.00,12.39,0.00,0.00,0.00,12.63,0.00,0.00,0.00,0.00,0.00,0.00,2.50,0.00,0.00,0.00,3.11,TRUE,69,12,TRUE
422,4.10,0.00,9.35,0.00,0.00,0.00,0.00,0.00,0.00,0.00,0.00,0.00,0.00,1.36,0.00,0.00,0.00,3.35,FALSE,NA,NA,NA
423,0.00,0.00,0.00,0.00,0.00,10.99,0.00,0.00,0.00,0.00,0.00,9.56,0.00,2.96,0.00,0.00,0.00,4.80,FALSE,NA,NA,NA
424,0.00,0.00,0.00,7.56,0.00,0.00,0.00,0.00,0.00,0.00,0.00,8.35,0.00,2.41,0.00,0.00,0.00,2.33,FALSE,NA,NA,NA
425,5.85,0.00,0.00,0.00,0.00,0.00,0.00,7.47,0.00,0.00,0.00,0.00,0.00,3.66,0.00,0.00,0.00,4.03,FALSE,NA,NA,NA
426,0.00,0.00,0.00,0.00,0.00,0.00,0.00,0.00,12.68,0.00,11.23,0.00,0.00,2.26,0.00,0.00,0.00,3.92,FALSE,NA,NA,NA
427,0.00,0.00,6.51,0.00,0.00,0.00,0.00,0.00,0.00,0.00,0.00,12.82,0.00,1.62,0.00,0.00,0.00,4.46,FALSE,NA,NA,NA
428,0.00,0.00,0.00,11.30,10.39,0.00,0.00,0.00,0.00,0.00,0.00,0.00,0.00,1.45,0.00,0.00,0.00,2.13,FALSE,NA,NA,NA
429,0.00,0.00,0.00,0.00,8.29,0.00,0.00,0.00,0.00,0.00,0.00,12.83,0.00,3.05,0.00,0.00,0.00,3.34,FALSE,NA,NA,NA
430,0.00,0.00,0.00,13.03,0.00,0.00,0.00,7.40,0.00,0.00,0.00,0.00,0.00,2.89,0.00,0.00,0.00,2.77,FALSE,NA,NA,NA
431,0.00,0.00,0.00,8.94,0.00,0.00,0.00,0.00,0.00,10.31,0.00,0.00,0.00,3.82,0.00,0.00,0.00,1.47,FALSE,NA,NA,NA
432,0.00,0.00,0.00,0.00,0.00,9.67,7.77,0.00,0.00,0.00,0.00,0.00,0.00,2.12,0.00,0.00,0.00,3.48,FALSE,NA,NA,NA
433,0.00,0.00,0.00,0.00,0.00,9.96,0.00,11.40,0.00,0.00,0.00,0.00,0.00,2.00,0.00,0.00,0.00,3.90,FALSE,NA,NA,NA
434,0.00,0.00,0.00,6.64,0.00,0.00,0.00,0.00,0.00,0.00,10.15,0.00,0.00,1.50,0.00,0.00,0.00,3.68,FALSE,NA,NA,NA
435,5.15,0.00,0.00,0.00,0.00,0.00,0.00,0.00,0.00,0.00,0.00,8.86,0.00,2.38,0.00,0.00,0.00,5.52,FALSE,NA,NA,NA
436,0.00,0.00,0.00,0.00,0.00,0.00,0.00,0.00,8.33,0.00,8.83,0.00,0.00,2.56,0.00,0.00,0.00,2.04,FALSE,NA,NA,NA
437,10.57,0.00,0.00,0.00,0.00,0.00,0.00,0.00,0.00,0.00,0.00,13.07,0.00,1.99,0.00,0.00,0.00,2.46,FALSE,NA,NA,NA
438,7.97,0.00,0.00,0.00,0.00,0.00,0.00,0.00,11.27,0.00,0.00,0.00,0.00,2.33,0.00,0.00,0.00,4.43,FALSE,NA,NA,NA
439,0.00,0.00,0.00,0.00,0.00,0.00,0.00,0.00,0.00,12.70,0.00,8.82,0.00,2.65,0.00,0.00,0.00,4.18,FALSE,NA,NA,NA
440,0.00,0.00,0.00,0.00,0.00,11.06,0.00,0.00,0.00,12.12,0.00,0.00,0.00,2.33,0.00,0.00,0.00,3.95,FALSE,NA,NA,NA
441,0.00,0.00,0.00,0.00,0.00,0.00,0.00,0.00,12.39,8.28,0.00,0.00,0.00,2.64,0.00,0.00,0.00,2.61,FALSE,NA,NA,NA
442,0.00,0.00,0.00,0.00,0.00,10.07,0.00,0.00,0.00,0.00,8.11,0.00,0.00,3.47,0.00,0.00,0.00,2.85,FALSE,NA,NA,NA
443,0.00,10.39,0.00,0.00,0.00,10.47,0.00,0.00,0.00,0.00,0.00,0.00,0.00,3.05,0.00,0.00,0.00,2.00,FALSE,NA,NA,NA
444,0.00,0.00,10.60,0.00,0.00,0.00,0.00,7.03,0.00,0.00,0.00,0.00,0.00,2.61,0.00,0.00,0.00,2.19,FALSE,NA,NA,NA
445,0.00,0.00,0.00,0.00,0.00,0.00,0.00,6.61,10.77,0.00,0.00,0.00,0.00,2.38,0.00,0.00,0.00,4.97,FALSE,NA,NA,NA
446,0.00,11.35,0.00,0.00,0.00,0.00,0.00,0.00,0.00,0.00,0.00,9.67,0.00,1.94,0.00,0.00,0.00,3.80,FALSE,NA,NA,NA
447,0.00,8.88,0.00,0.00,0.00,0.00,0.00,0.00,0.00,11.94,0.00,0.00,0.00,1.85,0.00,0.00,0.00,2.42,FALSE,NA,NA,NA
448,0.00,0.00,9.47,11.50,0.00,0.00,0.00,0.00,0.00,0.00,0.00,0.00,0.00,2.52,0.00,0.00,0.00,3.70,FALSE,NA,NA,NA
449,0.00,0.00,0.00,0.00,0.00,11.97,11.47,0.00,0.00,0.00,0.00,0.00,0.00,3.00,0.00,0.00,0.00,4.73,FALSE,NA,NA,NA
450,0.00,0.00,0.00,0.00,0.00,0.00,0.00,0.00,0.00,0.00,8.07,11.55,0.00,2.98,0.00,0.00,0.00,3.00,FALSE,NA,NA,NA